iso_timestamp,unix_timestamp_ms,cpu_0,cpu_1,cpu_2,cpu_3
2026-05-12T16:53:44.434469,1778604824434,23.70,50.00,26.00,87.90
2026-05-12T16:53:45.434932,1778604825434,22.20,100.00,12.20,100.00
2026-05-12T16:53:46.435340,1778604826435,14.60,100.00,6.10,100.00
2026-05-12T16:53:47.435812,1778604827435,36.70,100.00,52.00,100.00
2026-05-12T16:53:48.436684,1778604828436,15.80,100.00,100.00,100.00
2026-05-12T16:53:49.437182,1778604829437,18.20,100.00,100.00,100.00
2026-05-12T16:53:50.437723,1778604830437,29.70,100.00,100.00,100.00
2026-05-12T16:53:51.438128,1778604831438,18.80,100.00,100.00,100.00
2026-05-12T16:53:52.438595,1778604832438,25.00,100.00,100.00,100.00
2026-05-12T16:53:53.438990,1778604833439,15.50,100.00,100.00,100.00
2026-05-12T16:53:54.439379,1778604834439,24.20,100.00,100.00,100.00
2026-05-12T16:53:55.439795,1778604835439,13.80,100.00,100.00,100.00
2026-05-12T16:53:56.440326,1778604836440,23.40,100.00,100.00,100.00
2026-05-12T16:53:57.440810,1778604837440,17.30,100.00,100.00,100.00
2026-05-12T16:53:58.441302,1778604838441,32.30,100.00,100.00,100.00
2026-05-12T16:53:59.441976,1778604839441,90.90,100.00,100.00,100.00
2026-05-12T16:54:00.442923,1778604840442,73.60,71.60,100.00,100.00
2026-05-12T16:54:01.443424,1778604841443,69.70,66.70,100.00,100.00
2026-05-12T16:54:02.443974,1778604842443,63.40,60.70,100.00,100.00
2026-05-12T16:54:03.444551,1778604843444,86.80,96.10,100.00,100.00
2026-05-12T16:54:04.445149,1778604844445,89.30,100.00,100.00,100.00
2026-05-12T16:54:05.445765,1778604845445,78.00,76.40,100.00,100.00
2026-05-12T16:54:06.446976,1778604846446,70.20,65.80,100.00,100.00
2026-05-12T16:54:07.447393,1778604847447,70.20,69.00,100.00,100.00
2026-05-12T16:54:08.448000,1778604848448,90.10,100.00,100.00,100.00
2026-05-12T16:54:09.448406,1778604849448,86.20,100.00,100.00,100.00
2026-05-12T16:54:10.448945,1778604850448,86.30,100.00,100.00,100.00
2026-05-12T16:54:11.449426,1778604851449,71.70,65.50,100.00,100.00
2026-05-12T16:54:12.449918,1778604852449,65.30,60.80,100.00,100.00
2026-05-12T16:54:13.450399,1778604853450,75.00,72.80,100.00,100.00
2026-05-12T16:54:14.451019,1778604854451,79.60,79.30,84.30,100.00
2026-05-12T16:54:15.451576,1778604855451,75.00,78.60,77.40,100.00
2026-05-12T16:54:16.452283,1778604856452,71.70,76.30,73.90,100.00
2026-05-12T16:54:17.452942,1778604857452,76.10,78.00,77.60,100.00
2026-05-12T16:54:18.453847,1778604858453,74.80,76.80,76.10,100.00
2026-05-12T16:54:19.454405,1778604859454,73.50,78.30,75.20,100.00
2026-05-12T16:54:20.454975,1778604860454,77.40,79.10,78.80,100.00
2026-05-12T16:54:21.455777,1778604861455,73.90,75.90,75.20,100.00
2026-05-12T16:54:22.456284,1778604862456,98.00,95.10,98.00,100.00
2026-05-12T16:54:23.456966,1778604863456,90.60,88.90,100.00,100.00
2026-05-12T16:54:24.457551,1778604864457,92.40,90.70,100.00,100.00
2026-05-12T16:54:25.458263,1778604865458,74.60,79.10,75.20,100.00
2026-05-12T16:54:26.459327,1778604866459,80.00,85.60,80.70,100.00
2026-05-12T16:54:27.459977,1778604867459,74.80,78.90,76.50,100.00
2026-05-12T16:54:28.460768,1778604868460,69.00,72.20,69.30,100.00
2026-05-12T16:54:29.461212,1778604869461,83.80,85.40,86.50,100.00
2026-05-12T16:54:30.461697,1778604870461,93.50,100.00,100.00,100.00
2026-05-12T16:54:31.462171,1778604871462,91.50,88.60,100.00,100.00
2026-05-12T16:54:32.462882,1778604872462,67.50,67.80,100.00,100.00
2026-05-12T16:54:33.463370,1778604873463,72.90,69.80,100.00,100.00
2026-05-12T16:54:34.464028,1778604874464,70.00,65.50,100.00,100.00
2026-05-12T16:54:35.464437,1778604875464,70.50,64.70,100.00,100.00
2026-05-12T16:54:36.465202,1778604876465,76.10,72.60,100.00,100.00
2026-05-12T16:54:37.465777,1778604877465,70.70,64.10,100.00,100.00
2026-05-12T16:54:38.466235,1778604878466,72.50,68.40,100.00,100.00
2026-05-12T16:54:39.467184,1778604879467,69.10,64.10,100.00,100.00
2026-05-12T16:54:40.467933,1778604880467,72.30,70.30,100.00,100.00
2026-05-12T16:54:41.468398,1778604881468,71.00,64.70,100.00,100.00
2026-05-12T16:54:42.469320,1778604882469,74.40,67.50,100.00,100.00
2026-05-12T16:54:43.469888,1778604883469,69.40,61.70,100.00,100.00
2026-05-12T16:54:44.470298,1778604884470,76.20,100.00,100.00,100.00
2026-05-12T16:54:45.470980,1778604885470,79.80,100.00,100.00,100.00
2026-05-12T16:54:46.471713,1778604886471,77.30,100.00,100.00,100.00
2026-05-12T16:54:47.472295,1778604887472,81.00,100.00,100.00,100.00
2026-05-12T16:54:48.473134,1778604888473,75.20,100.00,100.00,100.00
2026-05-12T16:54:49.473593,1778604889473,80.30,100.00,100.00,100.00
2026-05-12T16:54:50.474226,1778604890474,75.00,100.00,100.00,100.00
2026-05-12T16:54:51.475263,1778604891475,80.00,100.00,100.00,100.00
2026-05-12T16:54:52.475810,1778604892475,76.20,100.00,100.00,100.00
2026-05-12T16:54:53.476294,1778604893476,75.00,100.00,100.00,100.00
2026-05-12T16:54:54.476937,1778604894476,79.20,100.00,100.00,100.00
2026-05-12T16:54:55.477489,1778604895477,75.60,100.00,100.00,100.00
2026-05-12T16:54:56.478034,1778604896478,78.60,100.00,100.00,100.00
2026-05-12T16:54:57.478898,1778604897478,75.60,100.00,100.00,100.00
2026-05-12T16:54:58.479342,1778604898479,78.70,100.00,100.00,100.00
2026-05-12T16:54:59.480276,1778604899480,73.70,73.20,100.00,100.00
2026-05-12T16:55:00.480752,1778604900480,62.30,61.80,100.00,100.00
2026-05-12T16:55:01.481320,1778604901481,75.40,75.20,100.00,100.00
2026-05-12T16:55:02.482042,1778604902482,86.30,100.00,100.00,100.00
2026-05-12T16:55:03.482824,1778604903482,90.10,100.00,100.00,100.00
2026-05-12T16:55:04.483340,1778604904483,68.00,63.20,100.00,100.00
2026-05-12T16:55:05.483997,1778604905484,62.90,61.20,100.00,100.00
2026-05-12T16:55:06.484726,1778604906484,81.40,89.70,100.00,100.00
2026-05-12T16:55:07.485420,1778604907485,85.50,100.00,100.00,100.00
2026-05-12T16:55:08.486852,1778604908486,81.00,85.80,100.00,100.00
2026-05-12T16:55:09.487385,1778604909487,62.30,61.50,100.00,100.00
2026-05-12T16:55:10.487866,1778604910487,69.70,67.00,100.00,100.00
2026-05-12T16:55:11.488328,1778604911488,86.80,100.00,100.00,100.00
2026-05-12T16:55:12.488911,1778604912488,85.60,100.00,100.00,100.00
2026-05-12T16:55:13.489339,1778604913489,85.30,100.00,100.00,100.00
2026-05-12T16:55:14.489795,1778604914489,73.30,100.00,100.00,100.00
2026-05-12T16:55:15.490233,1778604915490,78.70,100.00,100.00,100.00
2026-05-12T16:55:16.490816,1778604916490,74.20,100.00,100.00,100.00
2026-05-12T16:55:17.491307,1778604917491,78.00,100.00,100.00,100.00
2026-05-12T16:55:18.492012,1778604918492,73.70,100.00,100.00,100.00
2026-05-12T16:55:19.492834,1778604919492,73.70,100.00,100.00,100.00
2026-05-12T16:55:20.493263,1778604920493,78.10,100.00,100.00,100.00
2026-05-12T16:55:21.493841,1778604921493,73.50,100.00,100.00,100.00
2026-05-12T16:55:22.494403,1778604922494,77.50,100.00,100.00,100.00
2026-05-12T16:55:23.495233,1778604923495,73.10,100.00,100.00,100.00
2026-05-12T16:55:24.495887,1778604924495,78.00,100.00,100.00,100.00
2026-05-12T16:55:25.496870,1778604925496,76.20,100.00,100.00,100.00
2026-05-12T16:55:26.497285,1778604926497,79.20,100.00,100.00,100.00
2026-05-12T16:55:27.497834,1778604927497,73.30,100.00,100.00,100.00
2026-05-12T16:55:28.500072,1778604928500,80.50,100.00,100.00,100.00
2026-05-12T16:55:29.500526,1778604929500,100.00,100.00,100.00,100.00
2026-05-12T16:55:30.501265,1778604930501,87.20,91.40,89.90,100.00
2026-05-12T16:55:31.501920,1778604931501,77.90,81.10,81.40,100.00
2026-05-12T16:55:32.503104,1778604932503,76.90,80.00,77.80,100.00
2026-05-12T16:55:33.503684,1778604933503,78.80,80.70,80.00,100.00
2026-05-12T16:55:34.504342,1778604934504,75.90,78.10,77.60,100.00
2026-05-12T16:55:35.505011,1778604935505,76.10,77.20,77.40,100.00
2026-05-12T16:55:36.505624,1778604936505,78.40,81.10,79.30,100.00
2026-05-12T16:55:37.506201,1778604937506,76.50,78.80,77.90,100.00
2026-05-12T16:55:38.506843,1778604938506,77.70,82.00,79.30,100.00
2026-05-12T16:55:39.507367,1778604939507,75.20,78.90,77.20,100.00
2026-05-12T16:55:40.508000,1778604940508,78.90,82.90,81.40,100.00
2026-05-12T16:55:41.508566,1778604941508,76.50,78.60,77.20,100.00
2026-05-12T16:55:42.509299,1778604942509,77.40,81.10,80.00,100.00
2026-05-12T16:55:43.509879,1778604943509,76.30,79.60,77.60,100.00
2026-05-12T16:55:44.510462,1778604944510,77.20,82.70,80.90,100.00
2026-05-12T16:55:45.511110,1778604945511,81.10,83.20,83.00,100.00
2026-05-12T16:55:46.511890,1778604946511,75.90,77.90,77.80,100.00
2026-05-12T16:55:47.512472,1778604947512,79.10,81.20,80.50,100.00
2026-05-12T16:55:48.513427,1778604948513,76.10,77.90,77.20,100.00
2026-05-12T16:55:49.514335,1778604949514,78.80,81.10,81.60,100.00
2026-05-12T16:55:50.515400,1778604950515,75.70,80.50,78.10,100.00
2026-05-12T16:55:51.516288,1778604951516,80.50,85.30,81.20,100.00
2026-05-12T16:55:52.516951,1778604952516,76.10,80.50,78.10,100.00
2026-05-12T16:55:53.517868,1778604953517,76.50,78.80,78.10,100.00
2026-05-12T16:55:54.518716,1778604954518,79.50,80.90,80.40,100.00
2026-05-12T16:55:55.519406,1778604955519,75.90,78.90,78.30,100.00
2026-05-12T16:55:56.520257,1778604956520,79.30,82.90,81.60,100.00
2026-05-12T16:55:57.521284,1778604957521,77.40,80.20,79.80,100.00
2026-05-12T16:55:58.521924,1778604958521,79.10,84.50,81.70,100.00
2026-05-12T16:55:59.522601,1778604959522,72.60,74.10,73.30,100.00
2026-05-12T16:56:00.523219,1778604960523,73.90,77.20,76.50,100.00
2026-05-12T16:56:01.523854,1778604961523,72.80,76.60,75.00,100.00
2026-05-12T16:56:02.524396,1778604962524,71.60,73.30,72.90,100.00
2026-05-12T16:56:03.525180,1778604963525,76.30,78.60,78.00,100.00
2026-05-12T16:56:04.526124,1778604964526,73.50,76.70,75.60,100.00
2026-05-12T16:56:05.526718,1778604965526,76.10,78.90,77.40,100.00
2026-05-12T16:56:06.527228,1778604966527,72.00,74.80,73.50,100.00
2026-05-12T16:56:07.527885,1778604967527,75.70,80.20,78.60,100.00
2026-05-12T16:56:08.528584,1778604968528,71.90,74.80,72.60,100.00
2026-05-12T16:56:09.529303,1778604969529,75.20,78.10,76.60,100.00
2026-05-12T16:56:10.530367,1778604970530,72.60,76.50,75.40,100.00
2026-05-12T16:56:11.530978,1778604971530,73.50,74.60,73.30,100.00
2026-05-12T16:56:12.531654,1778604972531,74.30,78.40,76.10,100.00
2026-05-12T16:56:13.532188,1778604973532,62.30,64.90,67.90,100.00
2026-05-12T16:56:14.532658,1778604974532,63.10,69.70,100.00,100.00
2026-05-12T16:56:15.533382,1778604975533,72.90,100.00,100.00,100.00
2026-05-12T16:56:16.534066,1778604976534,77.20,100.00,100.00,100.00
2026-05-12T16:56:17.534979,1778604977534,73.90,100.00,100.00,100.00
2026-05-12T16:56:18.535869,1778604978535,78.60,100.00,100.00,100.00
2026-05-12T16:56:19.536337,1778604979536,73.70,100.00,100.00,100.00
2026-05-12T16:56:20.537355,1778604980537,72.60,100.00,100.00,100.00
2026-05-12T16:56:21.537908,1778604981537,78.60,100.00,100.00,100.00
2026-05-12T16:56:22.538439,1778604982538,74.20,100.00,100.00,100.00
2026-05-12T16:56:23.539053,1778604983539,78.00,100.00,100.00,100.00
2026-05-12T16:56:24.539834,1778604984539,73.30,100.00,100.00,100.00
2026-05-12T16:56:25.540394,1778604985540,79.20,100.00,100.00,100.00
2026-05-12T16:56:26.541024,1778604986541,72.90,100.00,100.00,100.00
2026-05-12T16:56:27.541635,1778604987541,78.60,100.00,100.00,100.00
2026-05-12T16:56:28.542377,1778604988542,58.30,100.00,100.00,100.00
2026-05-12T16:56:29.543075,1778604989543,20.80,100.00,100.00,100.00
2026-05-12T16:56:30.543469,1778604990543,27.10,100.00,100.00,100.00
2026-05-12T16:56:31.544002,1778604991544,16.80,100.00,100.00,100.00
2026-05-12T16:56:32.544425,1778604992544,29.60,100.00,100.00,100.00
2026-05-12T16:56:33.545001,1778604993545,17.70,100.00,100.00,100.00
2026-05-12T16:56:34.545413,1778604994545,23.10,100.00,100.00,100.00
2026-05-12T16:56:35.546011,1778604995546,16.80,100.00,100.00,100.00
2026-05-12T16:56:36.546411,1778604996546,26.30,100.00,100.00,100.00
2026-05-12T16:56:37.546955,1778604997546,19.40,100.00,100.00,100.00
2026-05-12T16:56:38.547315,1778604998547,18.70,100.00,100.00,100.00
2026-05-12T16:56:39.547787,1778604999547,25.50,100.00,100.00,100.00
2026-05-12T16:56:40.548264,1778605000548,17.50,100.00,100.00,100.00
2026-05-12T16:56:41.548804,1778605001548,28.30,100.00,100.00,100.00
2026-05-12T16:56:42.549327,1778605002549,19.20,100.00,100.00,100.00
2026-05-12T16:56:43.549752,1778605003549,55.70,100.00,100.00,100.00
2026-05-12T16:56:44.550160,1778605004550,92.50,89.50,100.00,100.00
2026-05-12T16:56:45.551037,1778605005551,80.90,72.30,100.00,100.00
2026-05-12T16:56:46.551870,1778605006551,79.70,68.40,100.00,100.00
2026-05-12T16:56:47.553059,1778605007553,76.90,73.30,100.00,100.00
2026-05-12T16:56:48.553551,1778605008553,81.40,71.80,100.00,100.00
2026-05-12T16:56:49.554072,1778605009554,79.20,68.60,100.00,100.00
2026-05-12T16:56:50.554817,1778605010554,83.30,75.70,100.00,100.00
2026-05-12T16:56:51.555341,1778605011555,77.80,72.20,100.00,100.00
2026-05-12T16:56:52.556286,1778605012556,79.30,73.00,100.00,100.00
2026-05-12T16:56:53.556946,1778605013556,77.30,67.50,100.00,100.00
2026-05-12T16:56:54.557433,1778605014557,80.90,72.80,100.00,100.00
2026-05-12T16:56:55.558408,1778605015558,76.90,72.90,100.00,100.00
2026-05-12T16:56:56.558913,1778605016558,75.60,71.20,100.00,100.00
2026-05-12T16:56:57.559317,1778605017559,74.60,77.10,100.00,100.00
2026-05-12T16:56:58.559821,1778605018559,58.00,69.10,100.00,100.00
2026-05-12T16:56:59.560992,1778605019561,39.20,100.00,100.00,100.00
2026-05-12T16:57:00.561666,1778605020561,34.30,100.00,100.00,100.00
2026-05-12T16:57:01.562142,1778605021562,36.90,100.00,100.00,100.00
2026-05-12T16:57:02.562674,1778605022562,26.30,100.00,100.00,100.00
2026-05-12T16:57:03.563092,1778605023563,37.60,100.00,100.00,100.00
2026-05-12T16:57:04.563766,1778605024563,30.50,100.00,100.00,100.00
2026-05-12T16:57:05.564275,1778605025564,31.70,100.00,100.00,100.00
2026-05-12T16:57:06.564921,1778605026564,37.10,100.00,100.00,100.00
2026-05-12T16:57:07.565650,1778605027565,30.50,100.00,100.00,100.00
2026-05-12T16:57:08.566090,1778605028566,38.80,100.00,100.00,100.00
2026-05-12T16:57:09.566754,1778605029566,29.10,100.00,100.00,100.00
2026-05-12T16:57:10.567202,1778605030567,38.20,100.00,100.00,100.00
2026-05-12T16:57:11.567851,1778605031567,28.70,100.00,100.00,100.00
2026-05-12T16:57:12.568267,1778605032568,37.50,100.00,100.00,100.00
2026-05-12T16:57:13.568982,1778605033568,50.90,100.00,100.00,100.00
2026-05-12T16:57:14.569536,1778605034569,78.90,100.00,100.00,100.00
2026-05-12T16:57:15.570081,1778605035570,81.80,100.00,100.00,100.00
2026-05-12T16:57:16.570819,1778605036570,79.20,100.00,100.00,100.00
2026-05-12T16:57:17.571434,1778605037571,82.80,100.00,100.00,100.00
2026-05-12T16:57:18.572171,1778605038572,77.80,100.00,100.00,100.00
2026-05-12T16:57:19.572890,1778605039572,82.00,100.00,100.00,100.00
2026-05-12T16:57:20.573391,1778605040573,77.30,100.00,100.00,100.00
2026-05-12T16:57:21.574161,1778605041574,81.30,100.00,100.00,100.00
2026-05-12T16:57:22.574842,1778605042574,77.20,100.00,100.00,100.00
2026-05-12T16:57:23.575259,1778605043575,78.70,100.00,100.00,100.00
2026-05-12T16:57:24.576143,1778605044576,82.00,100.00,100.00,100.00
2026-05-12T16:57:25.576850,1778605045576,77.50,100.00,100.00,100.00
2026-05-12T16:57:26.577340,1778605046577,81.80,100.00,100.00,100.00
2026-05-12T16:57:27.578238,1778605047578,78.60,100.00,100.00,100.00
2026-05-12T16:57:28.578816,1778605048578,72.60,100.00,100.00,100.00
2026-05-12T16:57:29.579289,1778605049579,64.20,100.00,92.90,100.00
2026-05-12T16:57:30.579891,1778605050579,62.70,100.00,100.00,100.00
2026-05-12T16:57:31.580604,1778605051580,56.50,100.00,100.00,100.00
2026-05-12T16:57:32.581163,1778605052581,52.30,100.00,100.00,100.00
2026-05-12T16:57:33.581861,1778605053581,57.90,100.00,100.00,100.00
2026-05-12T16:57:34.582258,1778605054582,52.80,100.00,100.00,100.00
2026-05-12T16:57:35.582837,1778605055582,58.50,100.00,100.00,100.00
2026-05-12T16:57:36.583379,1778605056583,53.10,100.00,100.00,100.00
2026-05-12T16:57:37.583846,1778605057583,59.70,100.00,100.00,100.00
2026-05-12T16:57:38.584289,1778605058584,50.00,100.00,100.00,100.00
2026-05-12T16:57:39.584881,1778605059584,54.00,100.00,100.00,100.00
2026-05-12T16:57:40.585281,1778605060585,56.50,100.00,100.00,100.00
2026-05-12T16:57:41.585788,1778605061585,55.60,100.00,100.00,100.00
2026-05-12T16:57:42.586343,1778605062586,60.00,100.00,100.00,100.00
2026-05-12T16:57:43.586839,1778605063586,71.80,100.00,100.00,100.00
2026-05-12T16:57:44.587427,1778605064587,100.00,100.00,100.00,100.00
2026-05-12T16:57:45.588146,1778605065588,85.70,87.60,89.50,100.00
2026-05-12T16:57:46.588650,1778605066588,73.50,77.20,74.60,100.00
2026-05-12T16:57:47.589711,1778605067589,75.90,78.10,77.60,100.00
2026-05-12T16:57:48.590257,1778605068590,71.80,74.60,73.30,100.00
2026-05-12T16:57:49.592048,1778605069592,75.90,77.90,77.40,100.00
2026-05-12T16:57:50.592622,1778605070592,71.80,75.00,74.40,100.00
2026-05-12T16:57:51.593194,1778605071593,75.20,77.60,76.10,100.00
2026-05-12T16:57:52.593704,1778605072593,72.80,76.10,75.00,100.00
2026-05-12T16:57:53.594235,1778605073594,72.60,76.30,75.00,100.00
2026-05-12T16:57:54.594854,1778605074594,70.90,73.50,72.00,100.00
2026-05-12T16:57:55.595330,1778605075595,72.60,78.30,74.10,100.00
2026-05-12T16:57:56.596615,1778605076596,75.20,79.10,76.10,100.00
2026-05-12T16:57:57.597234,1778605077597,72.20,75.00,73.90,100.00
2026-05-12T16:57:58.597703,1778605078597,56.60,56.10,70.10,100.00
2026-05-12T16:57:59.598180,1778605079598,25.50,51.50,100.00,100.00
2026-05-12T16:58:00.598900,1778605080598,32.30,100.00,100.00,100.00
2026-05-12T16:58:01.599367,1778605081599,24.20,100.00,100.00,100.00
2026-05-12T16:58:02.599995,1778605082600,35.00,100.00,100.00,100.00
2026-05-12T16:58:03.600667,1778605083600,25.50,100.00,100.00,100.00
2026-05-12T16:58:04.601198,1778605084601,29.40,100.00,100.00,100.00
2026-05-12T16:58:05.601891,1778605085601,27.30,100.00,100.00,100.00
2026-05-12T16:58:06.602830,1778605086602,25.50,100.00,100.00,100.00
2026-05-12T16:58:07.603253,1778605087603,34.30,100.00,100.00,100.00
2026-05-12T16:58:08.603833,1778605088603,24.00,100.00,100.00,100.00
2026-05-12T16:58:09.604311,1778605089604,36.50,100.00,100.00,100.00
2026-05-12T16:58:10.604843,1778605090604,27.90,100.00,100.00,100.00
2026-05-12T16:58:11.605442,1778605091605,35.30,100.00,100.00,100.00
2026-05-12T16:58:12.605986,1778605092605,20.60,100.00,100.00,100.00
2026-05-12T16:58:13.606415,1778605093606,39.30,100.00,100.00,100.00
2026-05-12T16:58:14.607317,1778605094607,50.00,100.00,100.00,100.00
2026-05-12T16:58:15.607984,1778605095607,44.20,100.00,100.00,100.00
2026-05-12T16:58:16.608370,1778605096608,49.10,100.00,100.00,100.00
2026-05-12T16:58:17.608913,1778605097608,42.20,100.00,100.00,100.00
2026-05-12T16:58:18.609427,1778605098609,49.60,100.00,100.00,100.00
2026-05-12T16:58:19.610064,1778605099610,43.10,100.00,100.00,100.00
2026-05-12T16:58:20.610590,1778605100610,47.30,100.00,100.00,100.00
2026-05-12T16:58:21.611178,1778605101611,41.20,100.00,100.00,100.00
2026-05-12T16:58:22.611611,1778605102611,43.60,100.00,100.00,100.00
2026-05-12T16:58:23.612133,1778605103612,43.20,100.00,100.00,100.00
2026-05-12T16:58:24.612842,1778605104612,40.40,100.00,100.00,100.00
2026-05-12T16:58:25.613305,1778605105613,46.80,100.00,100.00,100.00
2026-05-12T16:58:26.613835,1778605106613,41.60,100.00,100.00,100.00
2026-05-12T16:58:27.614236,1778605107614,50.90,100.00,100.00,100.00
2026-05-12T16:58:28.614849,1778605108614,63.30,100.00,100.00,100.00
2026-05-12T16:58:29.615344,1778605109615,97.10,97.00,100.00,100.00
2026-05-12T16:58:30.615837,1778605110615,87.30,78.40,100.00,100.00
2026-05-12T16:58:31.617156,1778605111617,88.10,77.00,100.00,100.00
2026-05-12T16:58:32.618137,1778605112618,87.00,86.10,100.00,100.00
2026-05-12T16:58:33.618657,1778605113618,82.30,80.00,100.00,100.00
2026-05-12T16:58:34.619069,1778605114619,87.20,85.20,100.00,100.00
2026-05-12T16:58:35.619665,1778605115619,80.40,80.20,100.00,100.00
2026-05-12T16:58:36.620155,1778605116620,88.90,87.30,100.00,100.00
2026-05-12T16:58:37.620652,1778605117620,79.50,79.80,100.00,100.00
2026-05-12T16:58:38.621769,1778605118621,85.50,86.20,100.00,100.00
2026-05-12T16:58:39.622540,1778605119622,82.00,81.80,100.00,100.00
2026-05-12T16:58:40.623430,1778605120623,82.70,82.90,100.00,100.00
2026-05-12T16:58:41.626155,1778605121626,84.40,83.60,100.00,100.00
2026-05-12T16:58:42.626655,1778605122626,79.80,81.60,100.00,100.00
2026-05-12T16:58:43.627439,1778605123627,59.40,56.90,100.00,100.00
2026-05-12T16:58:44.627953,1778605124627,18.20,82.70,100.00,100.00
2026-05-12T16:58:45.628346,1778605125628,26.00,100.00,100.00,100.00
2026-05-12T16:58:46.628828,1778605126628,18.60,100.00,100.00,100.00
2026-05-12T16:58:47.629429,1778605127629,27.80,100.00,100.00,100.00
2026-05-12T16:58:48.629850,1778605128629,21.20,100.00,100.00,100.00
2026-05-12T16:58:49.630400,1778605129630,30.50,100.00,100.00,100.00
2026-05-12T16:58:50.630815,1778605130630,15.50,100.00,100.00,100.00
2026-05-12T16:58:51.631303,1778605131631,15.30,100.00,100.00,100.00
2026-05-12T16:58:52.631788,1778605132631,24.50,100.00,100.00,100.00
2026-05-12T16:58:53.632239,1778605133632,15.00,100.00,100.00,100.00
2026-05-12T16:58:54.632781,1778605134632,26.30,100.00,100.00,100.00
2026-05-12T16:58:55.633336,1778605135633,11.50,100.00,100.00,100.00
2026-05-12T16:58:56.633808,1778605136633,25.30,100.00,100.00,100.00
2026-05-12T16:58:57.634301,1778605137634,17.60,100.00,100.00,100.00
2026-05-12T16:58:58.634777,1778605138634,48.60,100.00,100.00,100.00
2026-05-12T16:58:59.635287,1778605139635,78.90,79.60,100.00,100.00
2026-05-12T16:59:00.635724,1778605140635,64.80,63.10,100.00,100.00
2026-05-12T16:59:01.637174,1778605141637,72.00,73.70,100.00,100.00
2026-05-12T16:59:02.638076,1778605142638,86.20,100.00,100.00,100.00
2026-05-12T16:59:03.638827,1778605143638,90.10,100.00,100.00,100.00
2026-05-12T16:59:04.639360,1778605144639,78.40,84.00,100.00,100.00
2026-05-12T16:59:05.639878,1778605145639,65.90,63.90,100.00,100.00
2026-05-12T16:59:06.640710,1778605146640,68.00,64.30,100.00,100.00
2026-05-12T16:59:07.641233,1778605147641,65.90,61.80,100.00,100.00
2026-05-12T16:59:08.641857,1778605148641,70.80,69.60,100.00,100.00
2026-05-12T16:59:09.642427,1778605149642,88.50,100.00,100.00,100.00
2026-05-12T16:59:10.643155,1778605150643,89.40,100.00,81.40,100.00
2026-05-12T16:59:11.643674,1778605151643,83.10,100.00,8.00,100.00
2026-05-12T16:59:12.645059,1778605152645,87.10,100.00,36.60,100.00
2026-05-12T16:59:13.645638,1778605153645,100.00,100.00,100.00,100.00
2026-05-12T16:59:14.646030,1778605154646,57.10,100.00,100.00,100.00
2026-05-12T16:59:15.646723,1778605155646,57.00,100.00,100.00,100.00
2026-05-12T16:59:16.647195,1778605156647,52.80,100.00,100.00,100.00
2026-05-12T16:59:17.647781,1778605157647,57.00,100.00,100.00,100.00
2026-05-12T16:59:18.648326,1778605158648,54.20,100.00,100.00,100.00
2026-05-12T16:59:19.648939,1778605159648,59.30,100.00,100.00,100.00
2026-05-12T16:59:20.649463,1778605160649,52.80,100.00,100.00,100.00
2026-05-12T16:59:21.650092,1778605161650,56.80,100.00,100.00,100.00
2026-05-12T16:59:22.650653,1778605162650,53.20,100.00,100.00,100.00
2026-05-12T16:59:23.651149,1778605163651,50.00,100.00,100.00,100.00
2026-05-12T16:59:24.651789,1778605164651,58.90,100.00,100.00,100.00
2026-05-12T16:59:25.652295,1778605165652,58.10,100.00,100.00,100.00
2026-05-12T16:59:26.654264,1778605166654,60.20,100.00,100.00,100.00
2026-05-12T16:59:27.654808,1778605167654,56.70,100.00,100.00,100.00
2026-05-12T16:59:28.655295,1778605168655,72.40,100.00,100.00,100.00
2026-05-12T16:59:29.655845,1778605169655,100.00,100.00,100.00,100.00
2026-05-12T16:59:30.656588,1778605170656,90.50,95.10,91.60,100.00
2026-05-12T16:59:31.657334,1778605171657,76.50,77.40,76.60,100.00
2026-05-12T16:59:32.658003,1778605172658,71.60,75.40,73.50,100.00
2026-05-12T16:59:33.658786,1778605173658,74.80,77.00,76.50,100.00
2026-05-12T16:59:34.659572,1778605174659,70.90,74.10,73.70,100.00
2026-05-12T16:59:35.660129,1778605175660,75.00,78.60,77.60,100.00
2026-05-12T16:59:36.660807,1778605176660,73.50,74.60,73.50,100.00
2026-05-12T16:59:37.661299,1778605177661,75.00,75.70,76.30,100.00
2026-05-12T16:59:38.661880,1778605178661,71.10,75.20,73.00,100.00
2026-05-12T16:59:39.662520,1778605179662,71.30,75.20,73.10,100.00
2026-05-12T16:59:40.663140,1778605180663,75.40,78.90,77.60,100.00
2026-05-12T16:59:41.663702,1778605181663,71.10,75.70,71.70,100.00
2026-05-12T16:59:42.664382,1778605182664,75.90,79.60,77.60,100.00
2026-05-12T16:59:43.665032,1778605183665,60.20,63.20,67.60,100.00
2026-05-12T16:59:44.666190,1778605184666,57.80,63.90,100.00,100.00
2026-05-12T16:59:45.666857,1778605185666,66.70,100.00,100.00,100.00
2026-05-12T16:59:46.667265,1778605186667,70.10,100.00,100.00,100.00
2026-05-12T16:59:47.667977,1778605187667,68.30,100.00,100.00,100.00
2026-05-12T16:59:48.668760,1778605188668,66.70,100.00,100.00,100.00
2026-05-12T16:59:49.669250,1778605189669,71.50,100.00,100.00,100.00
2026-05-12T16:59:50.669953,1778605190669,66.70,100.00,100.00,100.00
2026-05-12T16:59:51.670364,1778605191670,71.20,100.00,100.00,100.00
2026-05-12T16:59:52.671081,1778605192671,66.70,100.00,100.00,100.00
2026-05-12T16:59:53.671646,1778605193671,72.30,100.00,100.00,100.00
2026-05-12T16:59:54.672298,1778605194672,66.20,100.00,100.00,100.00
2026-05-12T16:59:55.672987,1778605195672,70.90,100.00,100.00,100.00
2026-05-12T16:59:56.673388,1778605196673,70.60,100.00,100.00,100.00
2026-05-12T16:59:57.674134,1778605197674,67.60,100.00,100.00,100.00
2026-05-12T16:59:58.674910,1778605198674,85.00,99.00,100.00,100.00
2026-05-12T16:59:59.675397,1778605199675,79.20,68.40,100.00,100.00
2026-05-12T17:00:00.676127,1778605200676,84.10,78.40,100.00,100.00
2026-05-12T17:00:01.676865,1778605201676,79.20,67.80,100.00,100.00
2026-05-12T17:00:02.677396,1778605202677,81.00,77.70,100.00,100.00
2026-05-12T17:00:03.678763,1778605203678,74.20,71.80,100.00,100.00
2026-05-12T17:00:04.679649,1778605204679,79.50,77.70,100.00,100.00
2026-05-12T17:00:05.680450,1778605205680,72.70,74.60,100.00,100.00
2026-05-12T17:00:06.681423,1778605206681,70.70,76.50,100.00,100.00
2026-05-12T17:00:07.682371,1778605207682,75.00,80.40,100.00,100.00
2026-05-12T17:00:08.683461,1778605208683,71.40,75.40,100.00,100.00
2026-05-12T17:00:09.684419,1778605209684,76.50,78.80,100.00,100.00
2026-05-12T17:00:10.685205,1778605210685,70.80,76.10,100.00,100.00
2026-05-12T17:00:11.685982,1778605211685,74.60,80.50,100.00,100.00
2026-05-12T17:00:12.686609,1778605212686,72.00,76.30,100.00,100.00
2026-05-12T17:00:13.688823,1778605213688,76.30,80.20,100.00,100.00
2026-05-12T17:00:14.689267,1778605214689,75.00,75.40,100.00,100.00
2026-05-12T17:00:15.690201,1778605215690,71.90,75.90,100.00,100.00
2026-05-12T17:00:16.691035,1778605216691,77.60,79.50,100.00,100.00
2026-05-12T17:00:17.691463,1778605217691,71.20,77.70,100.00,100.00
2026-05-12T17:00:18.692101,1778605218692,74.10,81.20,100.00,100.00
2026-05-12T17:00:19.693122,1778605219693,71.60,77.40,100.00,100.00
2026-05-12T17:00:20.693626,1778605220693,76.10,79.30,100.00,100.00
2026-05-12T17:00:21.694231,1778605221694,70.30,76.70,100.00,100.00
2026-05-12T17:00:22.694713,1778605222694,75.90,80.40,100.00,100.00
2026-05-12T17:00:23.695345,1778605223695,73.20,75.70,100.00,100.00
2026-05-12T17:00:24.696378,1778605224696,74.40,76.60,100.00,100.00
2026-05-12T17:00:25.697153,1778605225697,78.40,77.50,100.00,100.00
2026-05-12T17:00:26.697619,1778605226697,72.50,78.80,100.00,100.00
2026-05-12T17:00:27.698523,1778605227698,77.10,78.10,100.00,100.00
2026-05-12T17:00:28.699083,1778605228699,66.90,70.10,100.00,100.00
2026-05-12T17:00:29.699707,1778605229699,79.50,89.50,100.00,100.00
2026-05-12T17:00:30.700269,1778605230700,83.30,100.00,100.00,100.00
2026-05-12T17:00:31.700941,1778605231700,84.00,100.00,100.00,100.00
2026-05-12T17:00:32.701509,1778605232701,87.00,100.00,100.00,100.00
2026-05-12T17:00:33.702274,1778605233702,84.70,100.00,100.00,100.00
2026-05-12T17:00:34.702777,1778605234702,88.40,100.00,100.00,100.00
2026-05-12T17:00:35.703433,1778605235703,85.60,100.00,100.00,100.00
2026-05-12T17:00:36.704444,1778605236704,84.00,100.00,100.00,100.00
2026-05-12T17:00:37.705176,1778605237705,86.20,100.00,100.00,100.00
2026-05-12T17:00:38.705901,1778605238705,81.30,100.00,100.00,100.00
2026-05-12T17:00:39.706399,1778605239706,86.20,100.00,100.00,100.00
2026-05-12T17:00:40.707124,1778605240707,81.80,100.00,100.00,100.00
2026-05-12T17:00:41.707946,1778605241707,82.60,100.00,100.00,100.00
2026-05-12T17:00:42.708418,1778605242708,85.50,100.00,100.00,100.00
2026-05-12T17:00:43.709349,1778605243709,88.50,100.00,100.00,100.00
2026-05-12T17:00:44.709877,1778605244709,78.20,73.70,100.00,100.00
2026-05-12T17:00:45.711027,1778605245711,69.90,64.50,100.00,100.00
2026-05-12T17:00:46.711912,1778605246711,71.30,67.80,100.00,100.00
2026-05-12T17:00:47.712381,1778605247712,68.80,62.10,100.00,100.00
2026-05-12T17:00:48.712978,1778605248712,68.50,63.90,100.00,100.00
2026-05-12T17:00:49.713853,1778605249713,74.00,67.80,100.00,100.00
2026-05-12T17:00:50.714487,1778605250714,72.40,65.00,100.00,100.00
2026-05-12T17:00:51.715257,1778605251715,71.90,68.40,100.00,100.00
2026-05-12T17:00:52.715952,1778605252715,68.30,63.60,100.00,100.00
2026-05-12T17:00:53.716378,1778605253716,73.00,66.10,100.00,100.00
2026-05-12T17:00:54.716861,1778605254716,68.30,65.80,100.00,100.00
2026-05-12T17:00:55.717294,1778605255717,73.80,66.40,100.00,100.00
2026-05-12T17:00:56.718057,1778605256718,69.70,64.70,100.00,100.00
2026-05-12T17:00:57.718794,1778605257718,70.40,61.20,100.00,100.00
2026-05-12T17:00:58.719367,1778605258719,65.80,65.50,100.00,100.00
2026-05-12T17:00:59.719977,1778605259719,69.90,100.00,100.00,100.00
2026-05-12T17:01:00.720663,1778605260720,74.80,100.00,100.00,100.00
2026-05-12T17:01:01.721212,1778605261721,69.10,100.00,100.00,100.00
2026-05-12T17:01:02.721887,1778605262721,74.80,100.00,100.00,100.00
2026-05-12T17:01:03.722396,1778605263722,71.10,100.00,100.00,100.00
2026-05-12T17:01:04.723091,1778605264723,76.00,100.00,100.00,100.00
2026-05-12T17:01:05.723840,1778605265723,72.60,100.00,100.00,100.00
2026-05-12T17:01:06.724279,1778605266724,71.50,100.00,100.00,100.00
2026-05-12T17:01:07.725122,1778605267725,76.40,100.00,100.00,100.00
2026-05-12T17:01:08.725714,1778605268725,71.30,100.00,100.00,100.00
2026-05-12T17:01:09.726324,1778605269726,73.10,100.00,34.10,100.00
2026-05-12T17:01:10.727686,1778605270727,68.40,100.00,11.00,100.00
2026-05-12T17:01:11.728188,1778605271728,86.80,100.00,100.00,100.00
2026-05-12T17:01:12.728838,1778605272728,71.30,100.00,100.00,100.00
2026-05-12T17:01:13.729375,1778605273729,86.00,100.00,100.00,100.00
2026-05-12T17:01:14.729941,1778605274729,92.60,87.00,100.00,100.00
2026-05-12T17:01:15.730438,1778605275730,83.00,72.80,100.00,100.00
2026-05-12T17:01:16.731432,1778605276731,83.30,82.10,100.00,100.00
2026-05-12T17:01:17.732362,1778605277732,75.90,80.40,100.00,100.00
2026-05-12T17:01:18.732915,1778605278732,79.30,83.50,100.00,100.00
2026-05-12T17:01:19.733555,1778605279733,76.90,81.60,100.00,100.00
2026-05-12T17:01:20.734155,1778605280734,75.70,79.80,100.00,100.00
2026-05-12T17:01:21.734936,1778605281734,79.80,82.70,100.00,100.00
2026-05-12T17:01:22.735409,1778605282735,76.70,79.80,100.00,100.00
2026-05-12T17:01:23.736179,1778605283736,79.60,83.80,100.00,100.00
2026-05-12T17:01:24.736995,1778605284737,76.70,82.10,100.00,100.00
2026-05-12T17:01:25.737578,1778605285737,79.80,83.60,100.00,100.00
2026-05-12T17:01:26.737975,1778605286737,77.20,79.50,100.00,100.00
2026-05-12T17:01:27.738799,1778605287738,79.80,83.50,100.00,100.00
2026-05-12T17:01:28.739284,1778605288739,68.40,68.70,100.00,100.00
2026-05-12T17:01:29.740184,1778605289740,77.80,99.00,100.00,100.00
2026-05-12T17:01:30.740952,1778605290740,80.60,100.00,100.00,100.00
2026-05-12T17:01:31.741380,1778605291741,76.60,100.00,100.00,100.00
2026-05-12T17:01:32.741998,1778605292742,87.00,91.90,100.00,100.00
2026-05-12T17:01:33.742787,1778605293742,78.00,100.00,100.00,100.00
2026-05-12T17:01:34.743188,1778605294743,81.30,100.00,100.00,100.00
2026-05-12T17:01:35.743842,1778605295743,77.30,100.00,100.00,100.00
2026-05-12T17:01:36.744751,1778605296744,80.60,100.00,100.00,100.00
2026-05-12T17:01:37.745632,1778605297745,77.50,100.00,100.00,100.00
2026-05-12T17:01:38.746233,1778605298746,77.30,100.00,100.00,100.00
2026-05-12T17:01:39.746824,1778605299746,79.80,100.00,100.00,100.00
2026-05-12T17:01:40.747290,1778605300747,76.30,100.00,100.00,100.00
2026-05-12T17:01:41.748000,1778605301748,81.10,100.00,100.00,100.00
2026-05-12T17:01:42.748844,1778605302748,76.00,100.00,100.00,100.00
2026-05-12T17:01:43.749276,1778605303749,82.00,100.00,100.00,100.00
2026-05-12T17:01:44.749749,1778605304749,87.70,100.00,100.00,100.00
2026-05-12T17:01:45.750601,1778605305750,85.60,100.00,100.00,100.00
2026-05-12T17:01:46.751261,1778605306751,88.90,95.10,100.00,100.00
2026-05-12T17:01:47.751966,1778605307751,66.90,64.20,100.00,100.00
2026-05-12T17:01:48.752597,1778605308752,70.60,67.80,100.00,100.00
2026-05-12T17:01:49.753391,1778605309753,66.90,68.00,100.00,100.00
2026-05-12T17:01:50.754150,1778605310754,65.90,65.90,100.00,100.00
2026-05-12T17:01:51.754665,1778605311754,71.20,69.70,100.00,100.00
2026-05-12T17:01:52.755559,1778605312755,67.50,68.00,100.00,100.00
2026-05-12T17:01:53.756451,1778605313756,71.70,68.10,100.00,100.00
2026-05-12T17:01:54.757098,1778605314757,72.00,73.50,100.00,100.00
2026-05-12T17:01:55.757920,1778605315757,90.80,97.00,89.00,100.00
2026-05-12T17:01:56.758440,1778605316758,89.30,96.00,94.00,100.00
2026-05-12T17:01:57.759171,1778605317759,65.50,70.80,100.00,100.00
2026-05-12T17:01:58.759714,1778605318759,54.20,58.70,100.00,100.00
2026-05-12T17:01:59.760389,1778605319760,70.10,82.50,98.00,100.00
2026-05-12T17:02:00.761894,1778605320761,76.20,97.00,96.00,100.00
2026-05-12T17:02:01.762425,1778605321762,74.60,97.00,93.90,100.00
2026-05-12T17:02:02.762943,1778605322762,76.70,98.00,93.90,100.00
2026-05-12T17:02:03.763346,1778605323763,75.00,97.00,92.90,100.00
2026-05-12T17:02:04.764320,1778605324764,78.00,95.90,97.00,100.00
2026-05-12T17:02:05.764832,1778605325764,76.20,97.00,94.90,100.00
2026-05-12T17:02:06.765538,1778605326765,78.60,97.00,93.90,100.00
2026-05-12T17:02:07.766135,1778605327766,74.00,96.00,97.00,100.00
2026-05-12T17:02:08.766776,1778605328766,75.20,97.00,93.90,100.00
2026-05-12T17:02:09.767196,1778605329767,76.70,98.00,96.00,100.00
2026-05-12T17:02:10.767726,1778605330767,75.40,98.00,92.90,100.00
2026-05-12T17:02:11.768184,1778605331768,77.30,98.00,92.00,100.00
2026-05-12T17:02:12.768919,1778605332768,76.20,97.00,96.00,100.00
2026-05-12T17:02:13.769388,1778605333769,66.10,97.00,96.00,100.00
2026-05-12T17:02:14.770032,1778605334770,50.40,95.00,95.00,100.00
2026-05-12T17:02:15.770582,1778605335770,52.50,98.00,94.00,100.00
2026-05-12T17:02:16.771348,1778605336771,49.60,95.00,96.00,100.00
2026-05-12T17:02:17.771853,1778605337771,48.00,96.90,95.00,100.00
2026-05-12T17:02:18.772564,1778605338772,52.50,96.00,95.00,100.00
2026-05-12T17:02:19.773050,1778605339773,48.00,97.00,95.90,100.00
2026-05-12T17:02:20.773722,1778605340773,55.00,94.00,98.00,100.00
2026-05-12T17:02:21.774284,1778605341774,47.10,98.00,93.00,100.00
2026-05-12T17:02:22.774950,1778605342774,52.90,97.00,93.90,100.00
2026-05-12T17:02:23.775488,1778605343775,47.90,98.00,93.10,100.00
2026-05-12T17:02:24.776225,1778605344776,54.10,98.00,95.90,100.00
2026-05-12T17:02:25.776824,1778605345776,47.50,97.00,95.00,100.00
2026-05-12T17:02:26.777371,1778605346777,47.90,97.00,95.00,100.00
2026-05-12T17:02:27.777910,1778605347777,51.30,96.00,96.00,100.00
2026-05-12T17:02:28.781079,1778605348781,74.50,96.00,92.90,100.00
2026-05-12T17:02:29.781783,1778605349781,87.90,92.20,99.00,100.00
2026-05-12T17:02:30.782617,1778605350782,79.30,82.90,100.00,100.00
2026-05-12T17:02:31.783433,1778605351783,84.40,91.50,100.00,100.00
2026-05-12T17:02:32.784453,1778605352784,78.10,83.80,100.00,100.00
2026-05-12T17:02:33.785146,1778605353785,80.90,86.20,100.00,100.00
2026-05-12T17:02:34.785765,1778605354785,75.90,84.70,100.00,100.00
2026-05-12T17:02:35.786454,1778605355786,78.10,84.40,100.00,100.00
2026-05-12T17:02:36.787252,1778605356787,86.40,88.70,100.00,100.00
2026-05-12T17:02:37.787936,1778605357787,80.40,85.00,100.00,100.00
2026-05-12T17:02:38.788444,1778605358788,81.80,86.90,100.00,100.00
2026-05-12T17:02:39.789002,1778605359789,77.20,84.50,100.00,100.00
2026-05-12T17:02:40.790103,1778605360790,82.10,86.10,100.00,100.00
2026-05-12T17:02:41.790629,1778605361790,78.60,83.80,100.00,100.00
2026-05-12T17:02:42.791410,1778605362791,81.20,86.20,100.00,100.00
2026-05-12T17:02:43.792638,1778605363792,72.20,77.30,100.00,100.00
2026-05-12T17:02:44.794072,1778605364794,67.80,73.70,100.00,100.00
2026-05-12T17:02:45.794662,1778605365794,73.30,77.80,100.00,100.00
2026-05-12T17:02:46.795288,1778605366795,68.60,72.90,100.00,100.00
2026-05-12T17:02:47.795931,1778605367795,73.10,75.20,100.00,100.00
2026-05-12T17:02:48.796695,1778605368796,68.10,72.10,100.00,100.00
2026-05-12T17:02:49.797369,1778605369797,71.30,76.10,100.00,100.00
2026-05-12T17:02:50.798364,1778605370798,69.00,71.80,100.00,100.00
2026-05-12T17:02:51.799340,1778605371799,73.90,74.80,100.00,100.00
2026-05-12T17:02:52.799918,1778605372799,68.60,72.00,100.00,100.00
2026-05-12T17:02:53.800766,1778605373800,68.10,72.30,100.00,100.00
2026-05-12T17:02:54.801450,1778605374801,70.70,74.20,100.00,100.00
2026-05-12T17:02:55.802454,1778605375802,67.20,70.80,100.00,100.00
2026-05-12T17:02:56.803067,1778605376803,71.60,74.60,100.00,100.00
2026-05-12T17:02:57.803625,1778605377803,66.90,71.20,100.00,100.00
2026-05-12T17:02:58.804376,1778605378804,78.70,83.80,100.00,100.00
2026-05-12T17:02:59.805134,1778605379805,82.90,87.30,100.00,100.00
2026-05-12T17:03:00.805873,1778605380805,86.80,90.60,100.00,100.00
2026-05-12T17:03:01.808171,1778605381808,75.90,79.30,81.80,100.00
2026-05-12T17:03:02.808720,1778605382808,69.80,73.90,70.70,100.00
2026-05-12T17:03:03.809631,1778605383809,70.80,73.00,72.20,100.00
2026-05-12T17:03:04.810189,1778605384810,67.80,70.70,70.00,100.00
2026-05-12T17:03:05.810759,1778605385810,75.90,78.00,81.10,100.00
2026-05-12T17:03:06.811307,1778605386811,89.60,94.20,96.90,92.90
2026-05-12T17:03:07.812531,1778605387812,90.70,93.30,87.90,91.80
2026-05-12T17:03:08.813183,1778605388813,69.80,74.80,70.80,100.00
2026-05-12T17:03:09.813902,1778605389813,70.80,77.40,71.90,100.00
2026-05-12T17:03:10.814662,1778605390814,67.20,73.30,69.00,100.00
2026-05-12T17:03:11.815323,1778605391815,69.50,75.20,70.90,100.00
2026-05-12T17:03:12.816366,1778605392816,71.70,78.40,73.90,100.00
2026-05-12T17:03:13.816951,1778605393816,74.10,80.70,76.70,100.00
2026-05-12T17:03:14.817602,1778605394817,83.00,91.60,84.70,100.00
2026-05-12T17:03:15.818340,1778605395818,80.70,88.20,82.50,100.00
2026-05-12T17:03:16.818975,1778605396818,82.90,89.70,86.20,100.00
2026-05-12T17:03:17.819436,1778605397819,79.30,84.80,80.00,100.00
2026-05-12T17:03:18.820071,1778605398820,81.40,88.90,83.80,100.00
2026-05-12T17:03:19.820720,1778605399820,78.10,86.60,79.10,100.00
2026-05-12T17:03:20.822072,1778605400822,78.40,85.60,79.80,100.00
2026-05-12T17:03:21.822692,1778605401822,82.90,90.80,83.90,100.00
2026-05-12T17:03:22.823398,1778605402823,78.40,87.50,81.00,100.00
2026-05-12T17:03:23.824001,1778605403824,83.50,92.40,85.70,100.00
2026-05-12T17:03:24.824852,1778605404824,79.80,89.90,82.10,100.00
2026-05-12T17:03:25.825701,1778605405825,83.20,89.10,84.70,100.00
2026-05-12T17:03:26.826432,1778605406826,78.60,86.20,80.90,100.00
2026-05-12T17:03:27.827099,1778605407827,82.10,90.80,83.80,100.00
2026-05-12T17:03:28.827779,1778605408827,70.70,76.50,71.60,100.00
2026-05-12T17:03:29.828554,1778605409828,80.40,83.80,83.70,98.00
2026-05-12T17:03:30.829104,1778605410829,83.00,86.20,91.00,96.00
2026-05-12T17:03:31.829848,1778605411829,80.50,86.20,93.80,81.90
2026-05-12T17:03:32.830721,1778605412830,84.50,87.90,94.00,92.90
2026-05-12T17:03:33.831514,1778605413831,78.90,85.60,93.00,87.50
2026-05-12T17:03:34.832821,1778605414832,82.90,86.40,91.00,92.90
2026-05-12T17:03:35.833936,1778605415833,79.60,84.40,94.90,88.80
2026-05-12T17:03:36.834730,1778605416834,83.00,88.00,92.90,97.00
2026-05-12T17:03:37.835338,1778605417835,80.50,86.50,95.00,92.70
2026-05-12T17:03:38.836840,1778605418836,80.70,88.70,98.00,91.00
2026-05-12T17:03:39.838228,1778605419838,82.30,87.40,93.00,95.00
2026-05-12T17:03:40.838800,1778605420838,82.10,87.00,90.00,90.70
2026-05-12T17:03:41.839379,1778605421839,83.20,90.70,94.00,89.60
2026-05-12T17:03:42.839846,1778605422839,79.50,84.70,88.50,96.00
2026-05-12T17:03:43.840290,1778605423840,68.10,70.10,91.00,98.00
2026-05-12T17:03:44.840958,1778605424840,73.10,94.90,83.80,98.00
2026-05-12T17:03:45.841367,1778605425841,77.30,99.00,85.10,98.00
2026-05-12T17:03:46.842144,1778605426842,74.40,100.00,82.50,99.00
2026-05-12T17:03:47.842824,1778605427842,75.40,99.00,82.00,99.00
2026-05-12T17:03:48.843266,1778605428843,75.40,100.00,83.70,99.00
2026-05-12T17:03:49.844119,1778605429844,74.60,99.00,82.00,98.00
2026-05-12T17:03:50.844828,1778605430844,76.40,99.00,83.80,100.00
2026-05-12T17:03:51.845411,1778605431845,74.00,100.00,81.60,98.00
2026-05-12T17:03:52.846227,1778605432846,75.40,99.00,83.80,99.00
2026-05-12T17:03:53.846894,1778605433846,74.60,100.00,81.80,99.00
2026-05-12T17:03:54.847432,1778605434847,74.40,99.00,84.00,99.00
2026-05-12T17:03:55.848132,1778605435848,74.60,99.00,81.60,99.00
2026-05-12T17:03:56.848820,1778605436848,74.60,100.00,82.80,99.00
2026-05-12T17:03:57.849395,1778605437849,75.40,100.00,82.20,98.00
2026-05-12T17:03:58.849978,1778605438849,52.50,100.00,79.80,100.00
2026-05-12T17:03:59.850669,1778605439850,40.60,99.00,82.70,99.00
2026-05-12T17:04:00.851227,1778605440851,36.10,99.00,78.80,99.00
2026-05-12T17:04:01.851761,1778605441851,43.10,100.00,80.80,99.00
2026-05-12T17:04:02.852199,1778605442852,36.90,99.00,79.00,100.00
2026-05-12T17:04:03.852852,1778605443852,44.00,100.00,81.80,99.00
2026-05-12T17:04:04.853765,1778605444853,32.40,100.00,60.00,75.80
2026-05-12T17:04:05.854240,1778605445854,40.40,99.00,80.80,99.00
2026-05-12T17:04:06.854677,1778605446854,38.10,99.00,81.80,99.00
2026-05-12T17:04:07.855170,1778605447855,38.70,100.00,82.00,99.00
2026-05-12T17:04:08.855853,1778605448855,40.60,100.00,83.80,98.00
2026-05-12T17:04:09.856392,1778605449856,38.20,99.00,81.00,97.00
2026-05-12T17:04:10.856920,1778605450856,40.20,100.00,80.80,99.00
2026-05-12T17:04:11.857342,1778605451857,35.80,100.00,78.80,99.00
2026-05-12T17:04:12.857898,1778605452857,43.10,99.00,80.80,100.00
2026-05-12T17:04:13.858577,1778605453858,76.90,99.00,85.00,98.00
2026-05-12T17:04:14.859182,1778605454859,78.30,81.40,93.90,91.00
2026-05-12T17:04:15.861663,1778605455861,77.60,78.90,94.00,96.00
2026-05-12T17:04:16.862307,1778605456862,76.10,80.20,91.90,91.80
2026-05-12T17:04:17.863304,1778605457863,78.80,81.10,90.90,88.80
2026-05-12T17:04:18.863857,1778605458863,74.80,80.20,92.90,88.90
2026-05-12T17:04:19.864814,1778605459864,79.10,83.00,94.10,90.80
2026-05-12T17:04:20.865267,1778605460865,78.60,81.40,89.80,92.90
2026-05-12T17:04:21.866627,1778605461866,78.30,82.00,96.00,84.70
2026-05-12T17:04:22.867202,1778605462867,75.20,80.50,89.70,93.90
2026-05-12T17:04:23.868306,1778605463868,76.40,82.90,92.00,89.80
2026-05-12T17:04:24.868914,1778605464868,75.40,82.30,90.80,90.90
2026-05-12T17:04:25.869604,1778605465869,76.30,77.40,91.00,92.90
2026-05-12T17:04:26.870611,1778605466870,83.00,82.30,91.80,92.90
2026-05-12T17:04:27.871193,1778605467871,76.10,78.30,84.70,96.00
2026-05-12T17:04:28.872172,1778605468872,80.00,79.80,89.90,96.00
2026-05-12T17:04:29.872775,1778605469872,76.90,76.70,85.90,95.00
2026-05-12T17:04:30.873345,1778605470873,77.20,79.80,89.80,91.80
2026-05-12T17:04:31.874396,1778605471874,79.10,76.90,90.80,94.00
2026-05-12T17:04:32.875037,1778605472875,80.50,81.20,94.90,89.90
2026-05-12T17:04:33.875500,1778605473875,81.80,80.70,89.90,93.90
2026-05-12T17:04:34.876207,1778605474876,79.10,78.30,88.70,94.90
2026-05-12T17:04:35.876865,1778605475876,78.10,77.00,89.90,94.90
2026-05-12T17:04:36.877940,1778605476877,74.80,77.20,93.00,94.90
2026-05-12T17:04:37.878409,1778605477878,80.90,80.40,92.90,95.00
2026-05-12T17:04:38.879267,1778605478879,75.20,75.90,85.90,98.00
2026-05-12T17:04:39.879856,1778605479879,78.40,79.80,95.00,95.00
2026-05-12T17:04:40.881002,1778605480881,76.70,78.40,94.90,94.90
2026-05-12T17:04:41.881506,1778605481881,77.60,80.50,94.10,92.90
2026-05-12T17:04:42.882061,1778605482882,77.20,79.30,92.90,91.90
2026-05-12T17:04:43.882854,1778605483882,83.80,84.80,95.00,87.60
2026-05-12T17:04:44.890095,1778605484890,78.10,83.60,81.40,96.00
2026-05-12T17:04:45.890789,1778605485890,71.40,77.80,71.70,100.00
2026-05-12T17:04:46.891327,1778605486891,72.20,78.30,74.60,100.00
2026-05-12T17:04:47.891941,1778605487891,68.60,76.10,70.30,100.00
2026-05-12T17:04:48.892693,1778605488892,73.00,77.40,73.70,100.00
2026-05-12T17:04:49.893373,1778605489893,70.10,78.00,72.50,100.00
2026-05-12T17:04:50.894095,1778605490894,74.10,80.00,75.00,100.00
2026-05-12T17:04:51.894659,1778605491894,70.10,75.90,71.20,100.00
2026-05-12T17:04:52.895433,1778605492895,67.50,75.40,71.40,100.00
2026-05-12T17:04:53.896053,1778605493896,71.40,77.80,73.30,100.00
2026-05-12T17:04:54.896664,1778605494896,70.10,76.10,70.80,100.00
2026-05-12T17:04:55.897302,1778605495897,72.80,76.70,74.40,100.00
2026-05-12T17:04:56.898090,1778605496898,69.50,75.90,71.90,100.00
2026-05-12T17:04:57.898725,1778605497898,74.60,79.60,75.20,100.00
2026-05-12T17:04:58.900379,1778605498900,62.10,67.70,75.20,98.00
2026-05-12T17:04:59.900875,1778605499900,68.30,68.90,94.00,91.90
2026-05-12T17:05:00.901390,1778605500901,65.60,65.60,92.00,94.90
2026-05-12T17:05:01.902004,1778605501902,65.30,66.10,95.00,96.00
2026-05-12T17:05:02.902557,1778605502902,68.40,71.10,95.00,91.80
2026-05-12T17:05:03.903102,1778605503903,64.20,65.80,92.90,95.00
2026-05-12T17:05:04.903829,1778605504903,66.40,68.90,95.00,93.80
2026-05-12T17:05:05.904267,1778605505904,65.30,67.70,98.00,92.10
2026-05-12T17:05:06.904793,1778605506904,68.90,70.10,92.90,93.90
2026-05-12T17:05:07.905300,1778605507905,63.90,66.90,96.00,92.90
2026-05-12T17:05:08.906063,1778605508906,69.70,69.50,94.90,93.90
2026-05-12T17:05:09.906565,1778605509906,66.90,67.20,94.00,96.00
2026-05-12T17:05:10.907169,1778605510907,66.90,67.50,94.90,95.00
2026-05-12T17:05:11.907660,1778605511907,68.60,68.60,94.00,94.90
2026-05-12T17:05:12.908371,1778605512908,64.80,65.90,92.00,97.00
2026-05-12T17:05:13.908905,1778605513908,55.60,62.40,93.90,94.00
2026-05-12T17:05:14.909400,1778605514909,60.20,100.00,63.60,74.50
2026-05-12T17:05:15.909986,1778605515909,63.90,100.00,83.00,99.00
2026-05-12T17:05:16.910775,1778605516910,62.00,99.00,81.80,99.00
2026-05-12T17:05:17.911399,1778605517911,63.20,100.00,81.60,99.00
2026-05-12T17:05:18.912013,1778605518912,61.00,100.00,81.20,98.00
2026-05-12T17:05:19.912461,1778605519912,60.70,100.00,79.60,99.00
2026-05-12T17:05:20.913054,1778605520913,63.40,99.00,82.80,99.00
2026-05-12T17:05:21.913477,1778605521913,61.40,99.00,80.80,99.00
2026-05-12T17:05:22.914188,1778605522914,64.90,99.00,83.20,99.00
2026-05-12T17:05:23.914807,1778605523914,60.90,100.00,79.60,99.00
2026-05-12T17:05:24.915243,1778605524915,64.40,99.00,82.00,98.00
2026-05-12T17:05:25.915950,1778605525915,60.40,100.00,79.80,99.00
2026-05-12T17:05:26.916635,1778605526916,64.00,100.00,81.80,99.00
2026-05-12T17:05:27.917491,1778605527917,60.70,100.00,79.80,99.00
2026-05-12T17:05:28.918101,1778605528918,86.40,100.00,84.00,97.00
2026-05-12T17:05:29.919055,1778605529919,82.60,85.60,90.90,92.90
2026-05-12T17:05:30.919910,1778605530919,76.10,78.90,90.90,97.00
2026-05-12T17:05:31.920395,1778605531920,78.10,82.30,89.80,92.90
2026-05-12T17:05:32.921708,1778605532921,75.90,81.20,95.00,97.00
2026-05-12T17:05:33.922512,1778605533922,78.90,84.70,93.90,92.00
2026-05-12T17:05:34.923218,1778605534923,76.10,80.50,94.10,94.90
2026-05-12T17:05:35.924008,1778605535924,80.20,83.80,96.00,96.00
2026-05-12T17:05:36.924644,1778605536924,74.40,80.50,95.90,89.70
2026-05-12T17:05:37.925374,1778605537925,75.20,79.50,92.10,94.90
2026-05-12T17:05:38.926281,1778605538926,77.40,81.10,92.80,94.00
2026-05-12T17:05:39.926952,1778605539926,76.70,77.90,90.00,91.80
2026-05-12T17:05:40.927435,1778605540927,76.80,81.60,97.00,97.00
2026-05-12T17:05:41.928417,1778605541928,76.10,77.80,94.90,93.10
2026-05-12T17:05:42.929111,1778605542929,78.30,80.20,88.80,98.00
2026-05-12T17:05:43.930353,1778605543930,68.60,74.20,93.00,92.00
2026-05-12T17:05:44.930957,1778605544930,70.90,72.00,89.90,97.00
2026-05-12T17:05:45.931368,1778605545931,68.30,69.70,93.90,96.00
2026-05-12T17:05:46.932219,1778605546932,70.50,66.10,96.00,94.90
2026-05-12T17:05:47.932856,1778605547932,76.30,68.70,96.00,96.00
2026-05-12T17:05:48.933335,1778605548933,73.00,65.30,95.00,96.00
2026-05-12T17:05:49.934118,1778605549934,75.60,67.20,94.00,98.00
2026-05-12T17:05:50.934822,1778605550934,72.40,63.80,93.90,94.90
2026-05-12T17:05:51.935305,1778605551935,75.20,68.10,93.10,93.90
2026-05-12T17:05:52.935896,1778605552935,72.40,65.00,93.90,98.00
2026-05-12T17:05:53.937331,1778605553937,77.30,66.70,91.90,94.90
2026-05-12T17:05:54.937849,1778605554937,73.40,64.10,90.90,95.90
2026-05-12T17:05:55.938682,1778605555938,73.80,64.10,92.90,93.10
2026-05-12T17:05:56.939171,1778605556939,76.00,68.70,95.00,96.00
2026-05-12T17:05:57.940036,1778605557940,73.00,64.10,92.90,96.00
2026-05-12T17:05:58.940884,1778605558940,66.90,68.10,93.20,96.00
2026-05-12T17:05:59.941605,1778605559941,81.50,100.00,82.70,98.00
2026-05-12T17:06:00.942553,1778605560942,82.50,100.00,84.70,97.00
2026-05-12T17:06:01.943106,1778605561943,81.10,100.00,82.70,98.00
2026-05-12T17:06:02.943773,1778605562943,82.00,98.00,84.80,98.00
2026-05-12T17:06:03.944235,1778605563944,80.50,100.00,83.80,98.00
2026-05-12T17:06:04.944950,1778605564944,81.10,100.00,83.70,99.00
2026-05-12T17:06:05.945393,1778605565945,82.00,100.00,84.80,99.00
2026-05-12T17:06:06.946088,1778605566946,80.50,100.00,83.80,98.00
2026-05-12T17:06:07.946772,1778605567946,81.80,99.00,84.80,99.00
2026-05-12T17:06:08.947234,1778605568947,82.60,100.00,84.80,98.00
2026-05-12T17:06:09.947880,1778605569947,82.50,99.00,87.90,98.00
2026-05-12T17:06:10.948293,1778605570948,80.60,100.00,84.00,99.00
2026-05-12T17:06:11.949235,1778605571949,81.10,99.00,83.80,98.00
2026-05-12T17:06:12.949691,1778605572949,81.80,100.00,85.00,99.00
2026-05-12T17:06:13.950143,1778605573950,82.60,100.00,61.90,70.80
2026-05-12T17:06:14.950819,1778605574950,85.50,99.00,84.50,98.00
2026-05-12T17:06:15.951655,1778605575951,84.60,100.00,83.80,99.00
2026-05-12T17:06:16.952117,1778605576952,85.30,100.00,85.90,99.00
2026-05-12T17:06:17.952595,1778605577952,85.60,100.00,84.00,98.00
2026-05-12T17:06:18.953186,1778605578953,85.30,99.00,84.70,99.00
2026-05-12T17:06:19.953700,1778605579953,85.50,100.00,83.80,98.00
2026-05-12T17:06:20.954207,1778605580954,71.40,75.70,93.00,97.00
2026-05-12T17:06:21.954979,1778605581954,64.20,63.30,93.90,92.90
2026-05-12T17:06:22.955386,1778605582955,63.90,62.60,93.10,93.00
2026-05-12T17:06:23.955889,1778605583955,76.10,79.60,91.90,98.00
2026-05-12T17:06:24.956537,1778605584956,84.60,100.00,82.80,98.00
2026-05-12T17:06:25.958177,1778605585958,84.90,100.00,82.80,99.00
2026-05-12T17:06:26.958687,1778605586958,84.70,99.00,83.70,98.00
2026-05-12T17:06:27.959169,1778605587959,85.20,100.00,82.80,98.00
2026-05-12T17:06:28.961205,1778605588961,75.40,99.00,81.60,99.00
2026-05-12T17:06:29.961656,1778605589961,73.30,99.00,82.80,98.00
2026-05-12T17:06:30.962124,1778605590962,72.40,100.00,81.80,99.00
2026-05-12T17:06:31.962610,1778605591962,70.70,99.00,79.80,99.00
2026-05-12T17:06:32.963136,1778605592963,73.50,100.00,82.80,99.00
2026-05-12T17:06:33.963657,1778605593963,71.10,100.00,80.80,99.00
2026-05-12T17:06:34.964604,1778605594964,74.60,98.00,83.00,98.00
2026-05-12T17:06:35.965191,1778605595965,71.40,100.00,81.60,99.00
2026-05-12T17:06:36.965917,1778605596965,74.00,99.00,82.50,98.00
2026-05-12T17:06:37.966403,1778605597966,71.60,99.00,80.80,99.00
2026-05-12T17:06:38.967012,1778605598967,73.70,100.00,83.80,98.00
2026-05-12T17:06:39.967449,1778605599967,71.40,99.00,81.80,99.00
2026-05-12T17:06:40.968125,1778605600968,71.60,100.00,81.00,99.00
2026-05-12T17:06:41.968714,1778605601968,73.80,99.00,82.50,99.00
2026-05-12T17:06:42.969163,1778605602969,72.40,100.00,84.00,98.00
2026-05-12T17:06:43.969893,1778605603969,88.20,96.10,87.90,96.90
2026-05-12T17:06:44.970596,1778605604970,70.20,76.30,93.90,89.80
2026-05-12T17:06:45.971251,1778605605971,72.60,80.90,96.00,91.90
2026-05-12T17:06:46.971867,1778605606971,69.70,75.20,94.90,89.80
2026-05-12T17:06:47.972967,1778605607972,75.70,79.10,95.00,89.90
2026-05-12T17:06:48.974548,1778605608974,70.10,75.40,94.90,92.90
2026-05-12T17:06:49.975068,1778605609975,71.20,77.60,95.00,91.80
2026-05-12T17:06:50.975687,1778605610975,74.80,78.30,97.00,90.10
2026-05-12T17:06:51.976711,1778605611976,71.20,75.90,97.00,90.80
2026-05-12T17:06:52.977212,1778605612977,75.20,80.00,96.00,94.00
2026-05-12T17:06:53.977919,1778605613977,73.30,75.40,91.00,95.90
2026-05-12T17:06:54.978624,1778605614978,75.40,76.50,93.00,96.00
2026-05-12T17:06:55.979421,1778605615979,73.50,76.50,93.90,91.80
2026-05-12T17:06:56.980971,1778605616980,75.70,76.50,94.00,93.90
2026-05-12T17:06:57.982155,1778605617982,70.00,75.90,94.90,90.70
2026-05-12T17:06:58.983094,1778605618983,75.70,79.30,93.90,91.00
2026-05-12T17:06:59.983609,1778605619983,79.80,82.40,88.90,96.90
2026-05-12T17:07:00.984147,1778605620984,77.80,79.80,92.90,96.00
2026-05-12T17:07:01.984788,1778605621984,78.10,83.80,89.80,91.90
2026-05-12T17:07:02.985865,1778605622985,78.30,81.40,96.00,91.90
2026-05-12T17:07:03.986412,1778605623986,84.70,85.30,89.80,98.00
2026-05-12T17:07:04.987325,1778605624987,80.70,82.00,96.00,88.80
2026-05-12T17:07:05.988850,1778605625988,78.40,82.10,92.10,87.80
2026-05-12T17:07:06.989307,1778605626989,76.70,79.10,92.90,94.90
2026-05-12T17:07:07.990323,1778605627990,76.70,82.00,97.00,89.90
2026-05-12T17:07:08.990938,1778605628990,83.00,83.80,94.90,91.70
