p95,qps,target
332.9,6912.4,6927
634.0,52905.9,52892
540.0,98786.5,98921
582.6,61126.0,61129
613.3,40600.5,40613
613.3,53154.2,53226
579.8,38615.4,38560
499.6,103460.5,103465
456.5,104835.7,104758
440.0,94696.6,94759
590.4,37778.1,37799
344.9,8273.5,8296
602.2,69390.1,69443
385.2,12585.9,12517
625.3,43533.3,43591
503.3,20425.2,20430
505.5,93572.2,93758
368.7,10428.7,10485
437.3,16528.7,16518
698.2,83181.3,83230
332.6,5475.3,5484
640.8,55421.4,55611
512.2,20822.0,20774
512.4,96678.5,96726
535.7,32403.5,32442
594.0,72987.6,73039
580.3,73951.3,74055
639.7,51215.7,51197
542.3,59521.8,59442
600.4,35610.7,35654
634.3,78703.1,78747
634.3,42137.1,42212
629.8,52537.3,52488
586.3,36925.7,36950
464.3,16762.1,16762
687.6,79522.6,79473
555.9,61503.9,61431
600.0,87191.7,87172
496.8,108096.6,108181
720.6,80464.9,80515
581.1,37221.9,37149
426.2,13465.1,13444
652.4,72031.1,72057
633.0,70069.8,70041
468.8,90104.3,90162
542.0,52104.9,52082
521.3,24378.9,24258
688.4,71878.1,72013
563.7,58120.5,58012
615.1,45485.0,45398
631.2,50216.7,50177
573.9,34494.5,34504
616.3,66053.5,66010
621.5,73958.6,73937
389.2,54964.1,55020
386.1,53178.9,53235
423.7,97714.1,97743
310.9,5413.7,5419
340.1,14767.7,14764
311.8,7459.2,7451
386.5,48225.5,48208
339.0,16146.9,16149
402.2,78928.1,78989
346.1,18887.5,18886
416.0,75971.1,75954
386.7,44439.1,44409
341.1,16467.9,16431
420.4,85683.1,85707
394.7,58172.6,58253
445.1,103811.1,103867
344.7,21647.8,21604
446.6,90435.0,90401